"fecha","valor"
2013-01-01,114
2013-02-01,119
2013-03-01,114
2013-04-01,127
2013-05-01,118
2013-06-01,120
2013-07-01,114
2013-08-01,86
2013-09-01,78
2013-10-01,74
2013-11-01,92
2013-12-01,103
2014-01-01,105
2014-02-01,120
2014-03-01,142
2014-04-01,133
2014-05-01,133
2014-06-01,127
2014-07-01,116
2014-08-01,95
2014-09-01,89
2014-10-01,80
2014-11-01,94
2014-12-01,113
2015-01-01,133
2015-02-01,131
2015-03-01,139
2015-04-01,151
2015-05-01,145
2015-06-01,146
2015-07-01,124
2015-08-01,107
2015-09-01,85
2015-10-01,81
2015-11-01,104
2015-12-01,114
2016-01-01,140
2016-02-01,144
2016-03-01,144
2016-04-01,151
2016-05-01,153
2016-06-01,145
2016-07-01,127
2016-08-01,111
2016-09-01,103
2016-10-01,97
2016-11-01,118
2016-12-01,123
2017-01-01,145
2017-02-01,162
2017-03-01,158
2017-04-01,162
2017-05-01,177
2017-06-01,159
2017-07-01,147
2017-08-01,123
2017-09-01,104
2017-10-01,109
2017-11-01,120
2017-12-01,133
2018-01-01,168
2018-02-01,170
2018-03-01,159
2018-04-01,194
2018-05-01,167
2018-06-01,178
2018-07-01,163
2018-08-01,138
2018-09-01,120
2018-10-01,105
2018-11-01,119
2018-12-01,147
2019-01-01,179
2019-02-01,174
2019-03-01,172
2019-04-01,192
2019-05-01,206
2019-06-01,186
2019-07-01,166
2019-08-01,143
2019-09-01,116
2019-10-01,124
2019-11-01,132
2019-12-01,166
2020-01-01,189
2020-02-01,197
2020-03-01,202
2020-04-01,213
2020-05-01,209
2020-06-01,204
2020-07-01,175
2020-08-01,148
2020-09-01,125
2020-10-01,126
2020-11-01,147
2020-12-01,179
2021-01-01,197
2021-02-01,215
2021-03-01,217
2021-04-01,226
2021-05-01,220
2021-06-01,221
2021-07-01,194
2021-08-01,160
2021-09-01,148
2021-10-01,136
2021-11-01,157
2021-12-01,191
2022-01-01,212
2022-02-01,221
2022-03-01,251
2022-04-01,224
2022-05-01,238
2022-06-01,238
2022-07-01,213
2022-08-01,172
2022-09-01,143
2022-10-01,148
2022-11-01,164
2022-12-01,197
2023-01-01,226
2023-02-01,222
2023-03-01,245
2023-04-01,243
2023-05-01,244
2023-06-01,260
2023-07-01,212
2023-08-01,195
2023-09-01,151
2023-10-01,163
2023-11-01,173
2023-12-01,231
2024-01-01,243
2024-02-01,285
2024-03-01,267
2024-04-01,284
2024-05-01,268
2024-06-01,294
2024-07-01,243
2024-08-01,191
2024-09-01,170
2024-10-01,178
2024-11-01,204
2024-12-01,243
2025-01-01,259
2025-02-01,278
2025-03-01,280
2025-04-01,284
2025-05-01,311
2025-06-01,304
2025-07-01,264
2025-08-01,217
2025-09-01,176
2025-10-01,194
2025-11-01,209
2025-12-01,238
